<annotation>
	<folder>thumbsup</folder>
	<filename>thumbsup.4298bca9-db3d-11eb-826d-c0e434bc871e.jpg</filename>
	<path>C:\Users\Suhaib\midproject\TFODCourse\Tensorflow\workspace\images\collectedimages\thumbsup\thumbsup.4298bca9-db3d-11eb-826d-c0e434bc871e.jpg</path>
	<source>
		<database>Unknown</database>
	</source>
	<size>
		<width>640</width>
		<height>480</height>
		<depth>3</depth>
	</size>
	<segmented>0</segmented>
	<object>
		<name>thumbup</name>
		<pose>Unspecified</pose>
		<truncated>0</truncated>
		<difficult>0</difficult>
		<bndbox>
			<xmin>370</xmin>
			<ymin>173</ymin>
			<xmax>487</xmax>
			<ymax>347</ymax>
		</bndbox>
	</object>
</annotation>
