<annotation>
	<folder>thumbsup</folder>
	<filename>thumbsup.477072d4-db3d-11eb-a787-c0e434bc871e.jpg</filename>
	<path>C:\Users\Suhaib\midproject\TFODCourse\Tensorflow\workspace\images\collectedimages\thumbsup\thumbsup.477072d4-db3d-11eb-a787-c0e434bc871e.jpg</path>
	<source>
		<database>Unknown</database>
	</source>
	<size>
		<width>640</width>
		<height>480</height>
		<depth>3</depth>
	</size>
	<segmented>0</segmented>
	<object>
		<name>thumbup</name>
		<pose>Unspecified</pose>
		<truncated>0</truncated>
		<difficult>0</difficult>
		<bndbox>
			<xmin>16</xmin>
			<ymin>185</ymin>
			<xmax>161</xmax>
			<ymax>388</ymax>
		</bndbox>
	</object>
</annotation>
