<annotation>
	<folder>thumbsup</folder>
	<filename>thumbsup.ec7509bf-db3c-11eb-9c09-c0e434bc871e.jpg</filename>
	<path>C:\Users\Suhaib\midproject\TFODCourse\Tensorflow\workspace\images\collectedimages\thumbsup\thumbsup.ec7509bf-db3c-11eb-9c09-c0e434bc871e.jpg</path>
	<source>
		<database>Unknown</database>
	</source>
	<size>
		<width>640</width>
		<height>480</height>
		<depth>3</depth>
	</size>
	<segmented>0</segmented>
	<object>
		<name>thumbup</name>
		<pose>Unspecified</pose>
		<truncated>0</truncated>
		<difficult>0</difficult>
		<bndbox>
			<xmin>382</xmin>
			<ymin>211</ymin>
			<xmax>518</xmax>
			<ymax>412</ymax>
		</bndbox>
	</object>
</annotation>
