<annotation>
	<folder>stop</folder>
	<filename>stop.b3989c6b-db3d-11eb-a5b6-c0e434bc871e.jpg</filename>
	<path>C:\Users\Suhaib\midproject\TFODCourse\Tensorflow\workspace\images\collectedimages\stop\stop.b3989c6b-db3d-11eb-a5b6-c0e434bc871e.jpg</path>
	<source>
		<database>Unknown</database>
	</source>
	<size>
		<width>640</width>
		<height>480</height>
		<depth>3</depth>
	</size>
	<segmented>0</segmented>
	<object>
		<name>stop</name>
		<pose>Unspecified</pose>
		<truncated>0</truncated>
		<difficult>0</difficult>
		<bndbox>
			<xmin>325</xmin>
			<ymin>128</ymin>
			<xmax>494</xmax>
			<ymax>414</ymax>
		</bndbox>
	</object>
</annotation>
