<annotation>
	<folder>perfect</folder>
	<filename>perfect.9959968f-db3d-11eb-9791-c0e434bc871e.jpg</filename>
	<path>C:\Users\Suhaib\midproject\TFODCourse\Tensorflow\workspace\images\collectedimages\perfect\perfect.9959968f-db3d-11eb-9791-c0e434bc871e.jpg</path>
	<source>
		<database>Unknown</database>
	</source>
	<size>
		<width>640</width>
		<height>480</height>
		<depth>3</depth>
	</size>
	<segmented>0</segmented>
	<object>
		<name>perfect</name>
		<pose>Unspecified</pose>
		<truncated>0</truncated>
		<difficult>0</difficult>
		<bndbox>
			<xmin>320</xmin>
			<ymin>112</ymin>
			<xmax>485</xmax>
			<ymax>313</ymax>
		</bndbox>
	</object>
</annotation>
