<annotation>
	<folder>perfect</folder>
	<filename>perfect.9a90b7b5-db3d-11eb-871f-c0e434bc871e.jpg</filename>
	<path>C:\Users\Suhaib\midproject\TFODCourse\Tensorflow\workspace\images\collectedimages\perfect\perfect.9a90b7b5-db3d-11eb-871f-c0e434bc871e.jpg</path>
	<source>
		<database>Unknown</database>
	</source>
	<size>
		<width>640</width>
		<height>480</height>
		<depth>3</depth>
	</size>
	<segmented>0</segmented>
	<object>
		<name>perfect</name>
		<pose>Unspecified</pose>
		<truncated>0</truncated>
		<difficult>0</difficult>
		<bndbox>
			<xmin>313</xmin>
			<ymin>120</ymin>
			<xmax>480</xmax>
			<ymax>327</ymax>
		</bndbox>
	</object>
</annotation>
