<annotation>
	<folder>perfect</folder>
	<filename>perfect.9e31a136-db3d-11eb-bbee-c0e434bc871e.jpg</filename>
	<path>C:\Users\Suhaib\midproject\TFODCourse\Tensorflow\workspace\images\collectedimages\perfect\perfect.9e31a136-db3d-11eb-bbee-c0e434bc871e.jpg</path>
	<source>
		<database>Unknown</database>
	</source>
	<size>
		<width>640</width>
		<height>480</height>
		<depth>3</depth>
	</size>
	<segmented>0</segmented>
	<object>
		<name>perfect</name>
		<pose>Unspecified</pose>
		<truncated>0</truncated>
		<difficult>0</difficult>
		<bndbox>
			<xmin>355</xmin>
			<ymin>162</ymin>
			<xmax>515</xmax>
			<ymax>354</ymax>
		</bndbox>
	</object>
</annotation>
