<annotation>
	<folder>thankyou</folder>
	<filename>thankyou.6c235d71-db3d-11eb-a6fa-c0e434bc871e.jpg</filename>
	<path>C:\Users\Suhaib\midproject\TFODCourse\Tensorflow\workspace\images\collectedimages\thankyou\thankyou.6c235d71-db3d-11eb-a6fa-c0e434bc871e.jpg</path>
	<source>
		<database>Unknown</database>
	</source>
	<size>
		<width>640</width>
		<height>480</height>
		<depth>3</depth>
	</size>
	<segmented>0</segmented>
	<object>
		<name>thankyou</name>
		<pose>Unspecified</pose>
		<truncated>0</truncated>
		<difficult>0</difficult>
		<bndbox>
			<xmin>4</xmin>
			<ymin>289</ymin>
			<xmax>413</xmax>
			<ymax>441</ymax>
		</bndbox>
	</object>
</annotation>
