<annotation>
	<folder>thankyou</folder>
	<filename>thankyou.687e4616-db3d-11eb-abe1-c0e434bc871e.jpg</filename>
	<path>C:\Users\Suhaib\midproject\TFODCourse\Tensorflow\workspace\images\collectedimages\thankyou\thankyou.687e4616-db3d-11eb-abe1-c0e434bc871e.jpg</path>
	<source>
		<database>Unknown</database>
	</source>
	<size>
		<width>640</width>
		<height>480</height>
		<depth>3</depth>
	</size>
	<segmented>0</segmented>
	<object>
		<name>thankyou</name>
		<pose>Unspecified</pose>
		<truncated>0</truncated>
		<difficult>0</difficult>
		<bndbox>
			<xmin>24</xmin>
			<ymin>283</ymin>
			<xmax>427</xmax>
			<ymax>422</ymax>
		</bndbox>
	</object>
</annotation>
