<annotation>
	<folder>livelong</folder>
	<filename>livelong.7f191841-db3d-11eb-8ae9-c0e434bc871e.jpg</filename>
	<path>C:\Users\Suhaib\midproject\TFODCourse\Tensorflow\workspace\images\collectedimages\livelong\livelong.7f191841-db3d-11eb-8ae9-c0e434bc871e.jpg</path>
	<source>
		<database>Unknown</database>
	</source>
	<size>
		<width>640</width>
		<height>480</height>
		<depth>3</depth>
	</size>
	<segmented>0</segmented>
	<object>
		<name>livelong</name>
		<pose>Unspecified</pose>
		<truncated>0</truncated>
		<difficult>0</difficult>
		<bndbox>
			<xmin>334</xmin>
			<ymin>226</ymin>
			<xmax>506</xmax>
			<ymax>440</ymax>
		</bndbox>
	</object>
</annotation>
