<annotation>
	<folder>livelong</folder>
	<filename>livelong.89ff9c43-db3d-11eb-bcff-c0e434bc871e.jpg</filename>
	<path>C:\Users\Suhaib\midproject\TFODCourse\Tensorflow\workspace\images\collectedimages\livelong\livelong.89ff9c43-db3d-11eb-bcff-c0e434bc871e.jpg</path>
	<source>
		<database>Unknown</database>
	</source>
	<size>
		<width>640</width>
		<height>480</height>
		<depth>3</depth>
	</size>
	<segmented>0</segmented>
	<object>
		<name>livelong</name>
		<pose>Unspecified</pose>
		<truncated>0</truncated>
		<difficult>0</difficult>
		<bndbox>
			<xmin>327</xmin>
			<ymin>89</ymin>
			<xmax>504</xmax>
			<ymax>265</ymax>
		</bndbox>
	</object>
</annotation>
