<annotation>
	<folder>thumbsdown</folder>
	<filename>thumbsdown.5dfae0ed-db3d-11eb-9138-c0e434bc871e.jpg</filename>
	<path>C:\Users\Suhaib\midproject\TFODCourse\Tensorflow\workspace\images\collectedimages\thumbsdown\thumbsdown.5dfae0ed-db3d-11eb-9138-c0e434bc871e.jpg</path>
	<source>
		<database>Unknown</database>
	</source>
	<size>
		<width>640</width>
		<height>480</height>
		<depth>3</depth>
	</size>
	<segmented>0</segmented>
	<object>
		<name>thumbdown</name>
		<pose>Unspecified</pose>
		<truncated>0</truncated>
		<difficult>0</difficult>
		<bndbox>
			<xmin>45</xmin>
			<ymin>134</ymin>
			<xmax>155</xmax>
			<ymax>308</ymax>
		</bndbox>
	</object>
</annotation>
