<annotation>
	<folder>thumbsdown</folder>
	<filename>thumbsdown.5a58fda0-db3d-11eb-959a-c0e434bc871e.jpg</filename>
	<path>C:\Users\Suhaib\midproject\TFODCourse\Tensorflow\workspace\images\collectedimages\thumbsdown\thumbsdown.5a58fda0-db3d-11eb-959a-c0e434bc871e.jpg</path>
	<source>
		<database>Unknown</database>
	</source>
	<size>
		<width>640</width>
		<height>480</height>
		<depth>3</depth>
	</size>
	<segmented>0</segmented>
	<object>
		<name>thumbdown</name>
		<pose>Unspecified</pose>
		<truncated>0</truncated>
		<difficult>0</difficult>
		<bndbox>
			<xmin>77</xmin>
			<ymin>96</ymin>
			<xmax>189</xmax>
			<ymax>272</ymax>
		</bndbox>
	</object>
</annotation>
